Do you think the app was made easily accessible via the tapping gestures? (e.g. tap twice for the camera and tap thrice for repeated instructions),How would you rate the ease of navigating the app without visual assistance?,Was the spoken output (TTS) clear and intelligible?,Did the recognized text (displayed in the textarea) match what you wrote or photographed?,"On a scale of 1â€“5, how satisfied are you overall with the app?",Can it functionally replace the need for glasses or other assistive reading tools in specific contexts?,How likely are you to recommend this app to other visually impaired users?
5,5,5,4,5,4,5
5,1,5,5,5,4,5
5,1,5,4,5,4,5
5,2,5,4,4,4,5
5,1,5,5,5,4,5
5,1,5,4,5,5,4
5,1,5,5,5,4,5
5,1,5,5,5,3,5
5,1,5,5,5,4,5
5,1,5,5,5,3,5
5,5,5,4,5,4,5
5,1,5,4,5,4,5
4,1,5,4,5,4,5
5,1,5,5,5,4,5
5,1,5,5,5,5,5
5,1,5,4,5,5,5
5,1,5,5,5,4,1
5,1,5,5,5,5,5
5,1,5,4,5,5,5
5,1,5,5,5,4,5
5,1,5,4,5,4,5
5,1,5,4,5,5,5
4,1,5,5,5,5,5
5,1,5,5,5,5,5
5,1,5,5,5,4,5
5,1,5,5,5,4,5
5,1,5,5,5,5,5
5,1,4,4,5,5,5
3,2,4,4,5,5,5
4,1,4,4,5,5,5
5,1,5,4,5,5,5
